{"cameraMode":{"drawMode":0,"name":"Shaded","section":"Shading Mode"},"sceneLighting":true,"audioPlay":false,"sceneViewState":{"m_AlwaysRefresh":false,"showFog":true,"showSkybox":true,"showFlares":true,"showImageEffects":true,"showParticleSystems":true,"showVisualEffectGraphs":true,"m_FxEnabled":true},"in2DMode":false,"pivot":{"x":-6.987022399902344,"y":-26.213478088378908,"z":31.966102600097658},"rotation":{"x":-0.33529210090637209,"y":0.2666330933570862,"z":-0.09954357147216797,"w":-0.8981000185012817},"size":46.131683349609378,"orthographic":false}