{"cameraMode":{"drawMode":0,"name":"Shaded","section":"Shading Mode"},"sceneLighting":false,"audioPlay":false,"sceneViewState":{"m_AlwaysRefresh":false,"showFog":true,"showSkybox":false,"showFlares":true,"showImageEffects":true,"showParticleSystems":true,"showVisualEffectGraphs":true,"m_FxEnabled":true},"in2DMode":false,"pivot":{"x":0.26310276985168459,"y":1.1336138248443604,"z":0.6146821975708008},"rotation":{"x":-0.18276003003120423,"y":-0.10243823379278183,"z":0.019151417538523675,"w":-0.9776222705841065},"size":2.6337008476257326,"orthographic":false}